"record_id","month","day","year","plot","species","sex","wgt"
18190,1,11,1991,7,"RM","F",11
18191,1,11,1991,12,"OL","M",31
18192,1,11,1991,17,"RM","F",9
18193,1,11,1991,2,"DM","F",48
18194,1,11,1991,12,"DO","F",36
18195,1,11,1991,21,"RM","M",11
18196,1,11,1991,1,"DM","M",43
18197,1,11,1991,12,"OL","F",31
18198,1,11,1991,12,"OL","M",32
18199,1,11,1991,21,"AH",,
18200,1,11,1991,24,"PE","M",21
18201,1,11,1991,2,"DM","M",51
18202,1,11,1991,12,"OL","M",35
18203,1,11,1991,18,"PF","F",8
18204,1,11,1991,20,"RM","F",14
18205,1,11,1991,17,"DM","F",40
18206,1,11,1991,7,"RM","F",8
18207,1,11,1991,19,"RM","M",11
18208,1,11,1991,1,"DO","F",53
18209,1,11,1991,12,"OL","F",25
18210,1,11,1991,1,"DO","M",54
18211,1,11,1991,24,"RM","F",12
18212,1,11,1991,19,"RM","F",7
18213,1,11,1991,12,"DO","F",47
18214,1,11,1991,19,"RM","F",14
18215,1,11,1991,17,"RM","M",9
18216,1,11,1991,2,"RM","M",10
18217,1,11,1991,19,"PE","M",16
18218,1,11,1991,2,"DO","M",52
18219,1,11,1991,2,"DO","F",44
18220,1,11,1991,24,"RM","M",10
18221,1,11,1991,12,"DO","M",59
18222,1,11,1991,18,"PF","M",7
18223,1,11,1991,17,"RM","M",8
18224,1,11,1991,20,"RM","M",10
18225,1,11,1991,2,"DO","M",
18226,1,11,1991,19,"RM","M",10
18227,1,11,1991,21,"AH",,
18228,1,11,1991,2,"OT","M",22
18229,1,11,1991,12,"DM","F",39
18230,1,11,1991,19,"OT","F",24
18231,1,11,1991,1,"DO","M",55
18232,1,11,1991,2,"OT","F",25
18233,1,11,1991,7,"RM","F",11
18234,1,11,1991,23,"RM","M",11
18235,1,11,1991,22,"DS","F",108
18236,1,11,1991,19,"RM","M",10
18237,1,11,1991,19,"RM","M",8
18238,1,11,1991,23,"RM","F",11
18239,1,11,1991,20,"RM","F",9
18240,1,11,1991,18,"NL","F",188
18241,1,11,1991,17,"RM","M",11
18242,1,11,1991,22,"OT","F",24
18243,1,11,1991,21,"RM","F",15
18244,1,11,1991,18,"OT","M",25
18245,1,11,1991,17,"DO","F",45
18246,1,11,1991,22,"OT","M",20
18247,1,11,1991,2,"DO","F",46
18248,1,11,1991,7,"PE","F",25
18249,1,11,1991,17,"NL","M",162
18250,1,11,1991,24,"RM","M",9
18251,1,11,1991,20,"PF","M",7
18252,1,12,1991,3,"BA","F",9
18253,1,12,1991,15,"PF","M",7
18254,1,12,1991,13,"RM","F",10
18255,1,12,1991,14,"DM","M",46
18256,1,12,1991,13,"PE","M",17
18257,1,12,1991,8,"DM","F",41
18258,1,12,1991,16,"RM","M",11
18259,1,12,1991,11,"OL","M",32
18260,1,12,1991,15,"RM","F",13
18261,1,12,1991,14,"DM","F",38
18262,1,12,1991,14,"DM","F",40
18263,1,12,1991,9,"DM","M",47
18264,1,12,1991,14,"DM","M",43
18265,1,12,1991,4,"RM","F",10
18266,1,12,1991,4,"DM","M",42
18267,1,12,1991,11,"DM","F",46
18268,1,12,1991,8,"DM","M",45
18269,1,12,1991,14,"DM","F",36
18270,1,12,1991,6,"RM","M",10
18271,1,12,1991,4,"DM","M",43
18272,1,12,1991,3,"RM","M",9
18273,1,12,1991,11,"DO","M",55
18274,1,12,1991,14,"RM","M",10
18275,1,12,1991,4,"DM","M",42
18276,1,12,1991,11,"DM","M",49
18277,1,12,1991,3,"OT","F",25
18278,1,12,1991,11,"DM","F",37
18279,1,12,1991,8,"DM","M",37
18280,1,12,1991,13,"RM","M",10
18281,1,12,1991,5,"RM","F",8
18282,1,12,1991,16,"RM","M",10
18283,1,12,1991,4,"DM","M",40
18284,1,12,1991,9,"DM","F",42
18285,1,12,1991,8,"DM","M",51
18286,1,12,1991,5,"RM","M",9
18287,1,12,1991,4,"DM","F",25
18288,1,12,1991,5,"PP","F",15
18289,1,12,1991,4,"DM","F",41
18290,1,12,1991,9,"DM","M",47
18291,1,12,1991,3,"DM","M",40
18292,1,12,1991,5,"OT",,
18293,1,12,1991,6,"RM","F",11
18294,1,12,1991,4,"DM","F",41
18295,1,12,1991,9,"DM","M",48
18296,1,12,1991,8,"DM","M",39
18297,1,12,1991,8,"DM","M",38
18298,1,12,1991,15,"RM",,
18299,1,12,1991,14,"DM","M",46
18300,1,12,1991,11,"DM","F",42
18301,1,12,1991,9,"DM","M",49
18302,1,12,1991,13,"PE","M",24
18303,1,12,1991,8,"DM","F",42
18304,1,12,1991,14,"DO","M",55
18305,1,12,1991,5,"OT","M",22
18306,1,12,1991,9,"DM","M",37
18307,1,12,1991,10,"RM","F",8
18308,1,12,1991,13,"PE","M",17
18309,1,12,1991,16,"RM","F",11
18310,1,12,1991,11,"DM","F",37
18311,1,12,1991,10,"RM","M",13
18312,1,12,1991,9,"DM","F",41
18313,1,12,1991,11,"DM","M",43
18314,1,12,1991,11,"DM","M",41
18315,2,16,1991,20,"RM","M",11
18316,2,16,1991,24,"DO","F",59
18317,2,16,1991,1,"DM","M",36
18318,2,16,1991,12,"OL","M",30
18319,2,16,1991,12,"SS",,
18320,2,16,1991,1,"DM","M",44
18321,2,16,1991,21,"RM","M",9
18322,2,16,1991,23,"RM","F",11
18323,2,16,1991,19,"BA","F",18
18324,2,16,1991,20,"RM","F",12
18325,2,16,1991,1,"DM","M",45
18326,2,16,1991,20,"RM","M",9
18327,2,16,1991,24,"DO","M",53
18328,2,16,1991,12,"DO","F",51
18329,2,16,1991,12,"OL","F",27
18330,2,16,1991,7,"RM","M",10
18331,2,16,1991,19,"PF","M",8
18332,2,16,1991,1,"DO","M",53
18333,2,16,1991,17,"DM","F",40
18334,2,16,1991,19,"RM","M",9
18335,2,16,1991,1,"DM","M",49
18336,2,16,1991,19,"OT","F",23
18337,2,16,1991,7,"RM","M",11
18338,2,16,1991,1,"DO","M",41
18339,2,16,1991,2,"RM","M",11
18340,2,16,1991,19,"RM","M",9
18341,2,16,1991,18,"RM","F",12
18342,2,16,1991,12,"DM","F",39
18343,2,16,1991,2,"OT","M",27
18344,2,16,1991,12,"DM","F",48
18345,2,16,1991,22,"DS","F",112
18346,2,16,1991,18,"NL","F",190
18347,2,16,1991,2,"OT","F",24
18348,2,16,1991,12,"RM","M",9
18349,2,16,1991,20,"NL","M",171
18350,2,16,1991,18,"PF",,
18351,2,16,1991,1,"DO","M",54
18352,2,16,1991,1,"DO","F",58
18353,2,16,1991,7,"RM","F",11
18354,2,16,1991,20,"RM","F",11
18355,2,16,1991,17,"DO","F",47
18356,2,16,1991,24,"RM","M",9
18357,2,16,1991,18,"RM","F",11
18358,2,16,1991,7,"RM","F",12
18359,2,16,1991,23,"RM","M",10
18360,2,16,1991,7,"PE","M",22
18361,2,16,1991,2,"DO","F",52
18362,2,16,1991,7,"RM","M",10
18363,2,16,1991,12,"OL","M",34
18364,2,16,1991,2,"NL","F",185
18365,2,16,1991,22,"OT","F",23
18366,2,16,1991,2,"RM","M",10
18367,2,16,1991,22,"OT","M",24
18368,2,16,1991,21,"RM","F",12
18369,2,16,1991,23,"RM","F",11
18370,2,16,1991,1,"DM","M",46
18371,2,16,1991,12,"SF",,
18372,2,16,1991,20,"PF","M",7
18373,2,16,1991,7,"RM","F",11
18374,2,16,1991,1,"DO","F",50
18375,2,16,1991,2,"OT","M",24
18376,2,16,1991,12,"AH",,
18377,2,16,1991,19,"RM",,
18378,2,16,1991,22,"AB",,
18379,2,16,1991,7,"PE","F",27
18380,2,17,1991,9,"DO","F",48
18381,2,17,1991,13,"RM","M",9
18382,2,17,1991,11,"DO","M",55
18383,2,17,1991,9,"RM","F",7
18384,2,17,1991,9,"RM","M",10
18385,2,17,1991,15,"RM","F",12
18386,2,17,1991,4,"DM","M",45
18387,2,17,1991,11,"DO","M",
18388,2,17,1991,11,"DO","F",39
18389,2,17,1991,9,"RM","M",10
18390,2,17,1991,5,"RM","M",10
18391,2,17,1991,3,"OT","F",28
18392,2,17,1991,14,"DM","M",39
18393,2,17,1991,9,"RM","M",12
18394,2,17,1991,11,"OL","M",30
18395,2,17,1991,10,"RM","M",10
18396,2,17,1991,14,"DM","M",44
18397,2,17,1991,8,"DM","M",44
18398,2,17,1991,14,"DM","F",39
18399,2,17,1991,13,"RM","F",10
18400,2,17,1991,5,"RM","F",12
18401,2,17,1991,4,"DM","M",46
18402,2,17,1991,11,"DM","M",44
18403,2,17,1991,9,"DM","F",35
18404,2,17,1991,8,"DM","M",52
18405,2,17,1991,14,"DO","M",52
18406,2,17,1991,4,"DM","M",44
18407,2,17,1991,4,"DM","M",45
18408,2,17,1991,6,"RM","F",11
18409,2,17,1991,16,"RM","M",9
18410,2,17,1991,10,"RM","M",10
18411,2,17,1991,3,"RM","F",13
18412,2,17,1991,8,"DM","M",40
18413,2,17,1991,4,"DM","F",48
18414,2,17,1991,14,"DM","M",48
18415,2,17,1991,16,"RM","M",11
18416,2,17,1991,14,"DM","M",47
18417,2,17,1991,4,"DM","M",49
18418,2,17,1991,5,"RM","M",10
18419,2,17,1991,14,"DM","M",50
18420,2,17,1991,4,"DM","M",43
18421,2,17,1991,3,"DM","F",40
18422,2,17,1991,11,"DM","M",46
18423,2,17,1991,9,"DM","M",50
18424,2,17,1991,11,"DM","F",40
18425,2,17,1991,8,"DM","M",45
18426,2,17,1991,15,"RM","F",13
18427,2,17,1991,11,"DM","F",50
18428,2,17,1991,9,"DM","M",46
18429,2,17,1991,8,"DM","F",43
18430,2,17,1991,3,"OT","F",24
18431,2,17,1991,3,"DM","M",47
18432,2,17,1991,4,"DM","F",47
18433,2,17,1991,9,"DM","F",49
18434,2,17,1991,5,"RM","M",10
18435,2,17,1991,6,"RM","M",9
18436,2,17,1991,9,"OL","F",31
18437,2,17,1991,11,"DM","M",49
18438,2,17,1991,9,"DM","F",47
18439,2,17,1991,4,"DM","M",32
18440,2,17,1991,11,"DM","M",43
18441,2,17,1991,8,"DM","M",45
18442,2,17,1991,8,"DM","F",46
18443,3,13,1991,24,"RM","F",11
18444,3,13,1991,1,"DM","M",40
18445,3,13,1991,19,"RM","M",8
18446,3,13,1991,23,"RM","M",10
18447,3,13,1991,12,"DO","F",59
18448,3,13,1991,24,"RM","M",9
18449,3,13,1991,24,"RM","M",11
18450,3,13,1991,19,"RM","F",8
18451,3,13,1991,22,"OT","M",27
18452,3,13,1991,2,"DO","F",46
18453,3,13,1991,1,"DM","M",47
18454,3,13,1991,18,"PF","M",7
18455,3,13,1991,7,"RM","F",13
18456,3,13,1991,17,"DM","F",45
18457,3,13,1991,12,"DM","M",46
18458,3,13,1991,18,"NL","F",192
18459,3,13,1991,1,"DO","M",46
18460,3,13,1991,2,"DO","F",47
18461,3,13,1991,21,"RM","M",10
18462,3,13,1991,18,"AH",,
18463,3,13,1991,20,"RM","M",10
18464,3,13,1991,1,"DO","M",
18465,3,13,1991,18,"RM","F",12
18466,3,13,1991,23,"RM","M",10
18467,3,13,1991,21,"RM","M",8
18468,3,13,1991,2,"OT","M",29
18469,3,13,1991,17,"DM","F",42
18470,3,13,1991,2,"DO","F",47
18471,3,13,1991,19,"RM","M",12
18472,3,13,1991,22,"DS","F",128
18473,3,13,1991,1,"DM","M",49
18474,3,13,1991,2,"RM","F",12
18475,3,13,1991,19,"SF","M",64
18476,3,13,1991,2,"RM","M",10
18477,3,13,1991,17,"DO","F",49
18478,3,13,1991,12,"DM","F",41
18479,3,13,1991,12,"DM","F",47
18480,3,13,1991,1,"DO","M",27
18481,3,13,1991,17,"RM","M",9
18482,3,13,1991,20,"RM","F",14
18483,3,13,1991,23,"RM",,
18484,3,13,1991,24,"OL","F",32
18485,3,13,1991,1,"DO","F",49
18486,3,13,1991,2,"NL","F",174
18487,3,13,1991,12,"DM","M",47
18488,3,13,1991,20,"PF","M",9
18489,3,13,1991,1,"DO","M",57
18490,3,13,1991,7,"PE","F",25
18491,3,13,1991,2,"RM","M",10
18492,3,13,1991,12,"DM","M",50
18493,3,14,1991,16,"RM",,
18494,3,14,1991,9,"AB",,
18495,3,14,1991,5,"RM","M",12
18496,3,14,1991,9,"RM","F",10
18497,3,14,1991,4,"DM","M",45
18498,3,14,1991,10,"RM","F",14
18499,3,14,1991,9,"AB",,
18500,3,14,1991,15,"PC",,
18501,3,14,1991,13,"OT","M",28
18502,3,14,1991,3,"RM","M",14
18503,3,14,1991,11,"DO","F",44
18504,3,14,1991,13,"RM","M",10
18505,3,14,1991,11,"DO","M",57
18506,3,14,1991,13,"RM","F",10
18507,3,14,1991,3,"RM","F",10
18508,3,14,1991,9,"DM","F",49
18509,3,14,1991,3,"BA","F",8
18510,3,14,1991,4,"DM","F",46
18511,3,14,1991,9,"DM","F",39
18512,3,14,1991,13,"RM","M",10
18513,3,14,1991,8,"RM","F",12
18514,3,14,1991,6,"RM","M",10
18515,3,14,1991,4,"DM","M",41
18516,3,14,1991,6,"RM","M",8
18517,3,14,1991,14,"DM","M",51
18518,3,14,1991,14,"DM","M",47
18519,3,14,1991,16,"RM","F",17
18520,3,14,1991,14,"DM","F",22
18521,3,14,1991,10,"RM",,
18522,3,14,1991,8,"DM","M",47
18523,3,14,1991,14,"DM",,
18524,3,14,1991,13,"PE","M",18
18525,3,14,1991,14,"DM","F",50
18526,3,14,1991,9,"DM","F",46
18527,3,14,1991,14,"DM","F",40
18528,3,14,1991,8,"DM","M",24
18529,3,14,1991,8,"DM","M",40
18530,3,14,1991,8,"DM","M",47
18531,3,14,1991,14,"DM","M",47
18532,3,14,1991,14,"DM","M",45
18533,3,14,1991,4,"DM","M",46
18534,3,14,1991,4,"DM","F",43
18535,3,14,1991,4,"DM",,
18536,3,14,1991,5,"RM","M",10
18537,3,14,1991,6,"RM","F",10
18538,3,14,1991,11,"DM","M",45
18539,3,14,1991,6,"RM","F",8
18540,3,14,1991,11,"DM","M",42
18541,3,14,1991,8,"DM","M",45
18542,3,14,1991,3,"OT","M",28
18543,3,14,1991,9,"DM","F",45
18544,3,14,1991,15,"RM","F",13
18545,3,14,1991,11,"DM","M",56
18546,3,14,1991,10,"RM","F",9
18547,3,14,1991,4,"DM","M",48
18548,3,14,1991,8,"DM",,
18549,3,14,1991,14,"DM",,
18550,3,14,1991,4,"DM","M",52
18551,3,14,1991,5,"RM","M",10
18552,3,14,1991,9,"DM","M",44
18553,3,14,1991,8,"DM","F",41
18554,3,14,1991,14,"DO","M",55
18555,3,14,1991,13,"PE","F",
18556,3,14,1991,9,"OL","F",36
18557,3,14,1991,5,"RM","F",16
18558,3,14,1991,3,"DM","M",39
18559,3,14,1991,11,"DM","F",44
18560,3,14,1991,3,"DM","M",51
18561,3,14,1991,10,"RM","M",11
18562,4,19,1991,19,"RM","F",10
18563,4,19,1991,12,"OT","M",21
18564,4,19,1991,12,"OL","M",40
18565,4,19,1991,18,"RM","M",13
18566,4,19,1991,12,"PP","F",19
18567,4,19,1991,12,"NL","M",146
18568,4,19,1991,17,"DO","F",47
18569,4,19,1991,17,"DM","F",51
18570,4,19,1991,19,"RM",,
18571,4,19,1991,18,"NL","F",76
18572,4,19,1991,18,"RM","M",11
18573,4,19,1991,22,"DS",,125
18574,4,19,1991,19,"BA","F",12
18575,4,19,1991,23,"RM","M",12
18576,4,19,1991,18,"NL","F",69
18577,4,19,1991,24,"RM","F",12
18578,4,19,1991,17,"DO","F",38
18579,4,19,1991,17,"NL","F",148
18580,4,19,1991,12,"SA",,
18581,4,19,1991,17,"NL","M",168
18582,4,19,1991,22,"DM","M",46
18583,4,20,1991,16,"RM","M",7
18584,4,20,1991,11,"DO","M",59
18585,4,20,1991,6,"PP","F",16
18586,4,20,1991,16,"RM","M",
18587,4,20,1991,11,"DO","F",63
18588,4,20,1991,6,"RM","F",15
18589,4,20,1991,15,"RM","F",10
18590,4,20,1991,20,"PF","M",10
18591,4,20,1991,16,"RM","F",13
18592,4,20,1991,11,"DM","F",55
18593,4,20,1991,15,"RM","M",12
18594,4,20,1991,5,"RM","M",7
18595,4,20,1991,20,"OT","F",
18596,4,20,1991,11,"DM","M",51
18597,4,20,1991,11,"DM","M",56
18598,4,20,1991,5,"RM","M",13
18599,4,20,1991,21,,,
18600,4,21,1991,1,"DM","M",41
18601,4,21,1991,3,"PP","M",23
18602,4,21,1991,8,"DM","F",46
18603,4,21,1991,7,"RM","M",8
18604,4,21,1991,3,"BA","F",10
18605,4,21,1991,3,"OL","F",26
18606,4,21,1991,13,"PE","F",34
18607,4,21,1991,8,"DM","M",49
18608,4,21,1991,13,"RM","M",13
18609,4,21,1991,7,"RM","F",14
18610,4,21,1991,10,"UR",,
18611,4,21,1991,4,"DM","M",45
18612,4,21,1991,8,"DM","M",43
18613,4,21,1991,8,"DM","M",49
18614,4,21,1991,8,"DM","M",36
18615,4,21,1991,1,"DM","M",51
18616,4,21,1991,4,"DM","F",46
18617,4,21,1991,14,"DM","M",49
18618,4,21,1991,1,"AH",,
18619,4,21,1991,2,"DO","F",55
18620,4,21,1991,3,"DM","M",50
18621,4,21,1991,9,"DM","F",24
18622,4,21,1991,1,"DO","M",56
18623,4,21,1991,2,"OL","M",17
18624,4,21,1991,8,"DM","M",54
18625,4,21,1991,14,"DM","F",44
18626,4,21,1991,9,"DM","M",21
18627,4,21,1991,9,"DM","F",50
18628,4,21,1991,1,"DO","M",55
18629,4,21,1991,4,"DM","M",45
18630,4,21,1991,2,"OL","F",26
18631,4,21,1991,1,"DO","M",39
18632,4,21,1991,8,"DM","M",51
18633,4,21,1991,1,"DO","F",
18634,4,21,1991,8,"DM","M",46
18635,4,21,1991,14,"DO","M",55
18636,4,21,1991,9,"DX",,
18637,4,21,1991,2,"DO","F",53
18638,4,21,1991,7,"RM","M",12
18639,4,21,1991,2,"NL","F",126
18640,4,21,1991,4,"DM","M",24
18641,4,21,1991,8,"DM","F",49
18642,4,21,1991,14,"PE","M",20
18643,4,21,1991,14,"DM","M",51
18644,4,21,1991,4,"DM",,45
18645,4,21,1991,9,"DM","F",23
18646,4,21,1991,2,"PP","M",15
18647,4,21,1991,8,"DM","F",43
18648,4,21,1991,3,"DM","F",
18649,4,21,1991,14,"DM","F",42
18650,5,13,1991,12,"OT",,
18651,5,13,1991,7,"RM","M",14
18652,5,13,1991,1,"OT","F",34
18653,5,13,1991,7,"RM","F",12
18654,5,13,1991,2,"DM","F",54
18655,5,13,1991,17,"DM","M",
18656,5,13,1991,23,"RM","F",14
18657,5,13,1991,17,"DO","M",40
18658,5,13,1991,18,"PE","M",15
18659,5,13,1991,1,"DO","M",53
18660,5,13,1991,22,"DS","F",110
18661,5,13,1991,1,"DM","M",50
18662,5,13,1991,1,"PP","F",15
18663,5,13,1991,2,"DO","F",51
18664,5,13,1991,2,"DX",,
18665,5,13,1991,12,"OT","F",28
18666,5,13,1991,19,"BA","F",7
18667,5,13,1991,17,"DM","F",42
18668,5,13,1991,7,"RM","M",12
18669,5,13,1991,2,"DO","F",40
18670,5,13,1991,7,"RM","F",15
18671,5,13,1991,17,"DX",,
18672,5,13,1991,1,"DO","M",44
18673,5,13,1991,17,"NL","M",195
18674,5,13,1991,1,"DO","F",53
18675,5,13,1991,20,"PF","M",8
18676,5,13,1991,1,"DO","M",55
18677,5,13,1991,1,"DO","F",46
18678,5,13,1991,2,"NL","F",81
18679,5,13,1991,1,"PE","F",23
18680,5,13,1991,2,"NL","F",185
18681,5,13,1991,7,"RM","F",12
18682,5,13,1991,24,"OT","F",17
18683,5,13,1991,17,"DO","F",54
18684,5,13,1991,21,,,
18685,5,14,1991,3,"PP","M",24
18686,5,14,1991,14,"DM","F",52
18687,5,14,1991,3,"BA","F",8
18688,5,14,1991,11,"PP","F",19
18689,5,14,1991,4,"AB",,
18690,5,14,1991,6,"PP","M",16
18691,5,14,1991,8,"DM","M",45
18692,5,14,1991,3,"OL","F",29
18693,5,14,1991,4,"DM","M",44
18694,5,14,1991,3,"DM","M",22
18695,5,14,1991,8,"DM","M",41
18696,5,14,1991,14,"DM","M",49
18697,5,14,1991,8,"DM","M",49
18698,5,14,1991,13,"RM","M",10
18699,5,14,1991,11,"PP","M",16
18700,5,14,1991,3,"OT","F",11
18701,5,14,1991,5,"RM","F",13
18702,5,14,1991,3,"OT","M",11
18703,5,14,1991,8,"DM","F",51
18704,5,14,1991,14,"DM","M",47
18705,5,14,1991,5,"RM","M",13
18706,5,14,1991,9,"DM","M",49
18707,5,14,1991,14,"RM","F",11
18708,5,14,1991,4,"DM","M",31
18709,5,14,1991,4,"DM","F",43
18710,5,14,1991,14,"OL","F",37
18711,5,14,1991,4,"DM","M",44
18712,5,14,1991,8,"DM","M",41
18713,5,14,1991,14,"AH",,
18714,5,14,1991,9,"DM","F",46
18715,5,14,1991,3,"DM","F",46
18716,5,14,1991,15,"PE","F",36
18717,5,14,1991,14,"DO","M",56
18718,5,14,1991,11,"DM","F",49
18719,5,14,1991,3,"OT","F",11
18720,5,14,1991,10,"RM","M",13
18721,5,14,1991,3,"PF","F",9
18722,5,14,1991,13,"PP","F",16
18723,5,14,1991,3,"PP","F",16
18724,5,14,1991,9,"DM","M",36
18725,5,14,1991,3,"PP","F",28
18726,5,14,1991,8,"DM","F",29
18727,5,14,1991,8,"DM","M",41
18728,5,14,1991,14,"DM","F",54
18729,5,14,1991,11,"DM","M",50
18730,5,14,1991,5,"PP","F",23
18731,5,14,1991,8,"DM","F",46
18732,5,14,1991,16,"AB",,
18733,6,13,1991,2,"OT","F",28
18734,6,13,1991,18,"OL","F",30
18735,6,13,1991,20,"PE","M",16
18736,6,13,1991,7,"RM","F",11
18737,6,13,1991,1,"PE","F",
18738,6,13,1991,2,"DO","M",44
18739,6,13,1991,24,"AH",,
18740,6,13,1991,23,"RM","M",10
18741,6,13,1991,1,"DM","M",51
18742,6,13,1991,1,"DO","M",
18743,6,13,1991,2,"DM","F",44
18744,6,13,1991,2,"OL","M",18
18745,6,13,1991,21,"AH",,
18746,6,13,1991,1,"PP","F",18
18747,6,13,1991,17,"DO",,
18748,6,13,1991,20,"PF","M",7
18749,6,13,1991,12,"RM","M",8
18750,6,13,1991,2,"RM","M",13
18751,6,13,1991,21,"AH",,
18752,6,13,1991,12,"DM","M",24
18753,6,13,1991,24,"RM","F",11
18754,6,13,1991,7,"RM","F",15
18755,6,13,1991,18,"OL","F",37
18756,6,13,1991,24,"PE","F",26
18757,6,13,1991,12,"DM","M",24
18758,6,13,1991,24,"NL","M",174
18759,6,13,1991,22,"DS","F",
18760,6,13,1991,1,"OL","M",
18761,6,13,1991,7,"AH",,
18762,6,13,1991,12,"DM","M",25
18763,6,13,1991,7,"RM","M",12
18764,6,13,1991,2,"DO","F",45
18765,6,13,1991,22,"PE","F",21
18766,6,13,1991,17,"DO","M",45
18767,6,13,1991,24,"RM",,
18768,6,13,1991,18,"BA","F",9
18769,6,13,1991,7,"RM","F",11
18770,6,13,1991,1,"DO","F",44
18771,6,13,1991,1,"DO","M",56
18772,6,13,1991,19,,,
18773,6,14,1991,11,"DO",,
18774,6,14,1991,8,"OT","M",30
18775,6,14,1991,4,"DM","M",25
18776,6,14,1991,8,"DM","M",46
18777,6,14,1991,4,"DM","M",39
18778,6,14,1991,3,"BA","F",9
18779,6,14,1991,8,"PP","F",16
18780,6,14,1991,3,"NL","M",126
18781,6,14,1991,9,"DM","F",46
18782,6,14,1991,13,"RM","M",8
18783,6,14,1991,3,"PP",,
18784,6,14,1991,13,"OL","M",32
18785,6,14,1991,4,"DM","F",
18786,6,14,1991,4,"DM","M",44
18787,6,14,1991,4,"DM","M",33
18788,6,14,1991,11,"DO","F",43
18789,6,14,1991,4,"DM","F",44
18790,6,14,1991,8,"DM","M",42
18791,6,14,1991,9,"DM","M",50
18792,6,14,1991,8,"OL","F",24
18793,6,14,1991,14,"DM","F",40
18794,6,14,1991,4,"DM","M",30
18795,6,14,1991,15,"PE","F",32
18796,6,14,1991,14,"DM","M",
18797,6,14,1991,9,"DM","M",29
18798,6,14,1991,3,"DM","F",
18799,6,14,1991,4,"DM","M",48
18800,6,14,1991,8,"DM","F",49
18801,6,14,1991,8,"DM","F",43
18802,6,14,1991,11,"OL","M",12
18803,6,14,1991,11,"DM","M",55
18804,6,14,1991,9,"DM","M",36
18805,6,14,1991,8,"DM","M",38
18806,6,14,1991,4,"DM","F",40
18807,6,14,1991,11,"DM","F",47
18808,6,14,1991,8,"DM","M",45
18809,6,14,1991,9,"DM","F",45
18810,6,14,1991,8,"DM","F",51
18811,6,14,1991,5,,,
18812,6,14,1991,6,,,
18813,6,14,1991,10,,,
18814,6,14,1991,16,,,
18815,7,12,1991,22,"PP","M",12
18816,7,12,1991,1,"DO","M",65
18817,7,12,1991,24,"RM","F",12
18818,7,12,1991,18,"OT","F",
18819,7,12,1991,22,"NL","M",113
18820,7,12,1991,24,"PE","F",26
18821,7,12,1991,2,"DM","F",45
18822,7,12,1991,18,"PP","F",16
18823,7,12,1991,19,"NL","M",99
18824,7,12,1991,23,"RM","F",10
18825,7,12,1991,1,"DM","M",51
18826,7,12,1991,18,"PP","F",24
18827,7,12,1991,12,"DM","M",32
18828,7,12,1991,19,"BA","F",11
18829,7,12,1991,7,"RM","F",13
18830,7,12,1991,18,"PP","M",16
18831,7,12,1991,17,"PP","M",17
18832,7,12,1991,20,"PP","M",14
18833,7,12,1991,12,"DM","F",34
18834,7,12,1991,19,"SF","M",100
18835,7,12,1991,22,"DS","F",113
18836,7,12,1991,22,"PF","M",9
18837,7,12,1991,1,"DO","M",46
18838,7,12,1991,2,"DO","F",45
18839,7,12,1991,2,"OT","F",21
18840,7,12,1991,7,"RM","M",13
18841,7,12,1991,17,"PP","M",16
18842,7,12,1991,17,"DO","M",48
18843,7,12,1991,23,"PE","M",19
18844,7,12,1991,7,"RM","M",12
18845,7,12,1991,19,"RM","M",10
18846,7,12,1991,2,"NL","M",154
18847,7,12,1991,1,"DO","M",55
18848,7,12,1991,2,"PP","F",15
18849,7,12,1991,17,"DO","F",53
18850,7,12,1991,22,"DM","M",46
18851,7,12,1991,22,"SA",,
18852,7,12,1991,17,"NL","F",160
18853,7,12,1991,17,"DO","F",37
18854,7,12,1991,21,,,
18855,7,13,1991,3,"BA","F",13
18856,7,13,1991,9,"DM","M",35
18857,7,13,1991,3,"OT","F",16
18858,7,13,1991,14,"DM","M",32
18859,7,13,1991,5,"PP","F",13
18860,7,13,1991,4,"DM","M",41
18861,7,13,1991,13,"OT","F",26
18862,7,13,1991,6,"PP","F",19
18863,7,13,1991,13,"RM","M",8
18864,7,13,1991,3,"RM","M",7
18865,7,13,1991,6,"PP","F",17
18866,7,13,1991,5,"RM","M",9
18867,7,13,1991,4,"DM","M",31
18868,7,13,1991,14,"RM",,
18869,7,13,1991,4,"DM","M",26
18870,7,13,1991,9,"DM","F",27
18871,7,13,1991,10,"RO","F",11
18872,7,13,1991,16,"RM","M",11
18873,7,13,1991,13,"OT","M",24
18874,7,13,1991,5,"PP","F",16
18875,7,13,1991,4,"DM","M",42
18876,7,13,1991,3,"NL","M",71
18877,7,13,1991,8,"DM","M",41
18878,7,13,1991,13,"PE","F",17
18879,7,13,1991,5,"RM","M",12
18880,7,13,1991,14,"DM","F",29
18881,7,13,1991,15,"PE","M",18
18882,7,13,1991,13,"PF","F",6
18883,7,13,1991,5,"RM","F",11
18884,7,13,1991,13,"AH",,
18885,7,13,1991,5,"PP","F",5
18886,7,13,1991,9,"DM","M",54
18887,7,13,1991,8,"DM","M",43
18888,7,13,1991,4,"DM","M",39
18889,7,13,1991,14,"DM","M",50
18890,7,13,1991,4,"DM","M",47
18891,7,13,1991,15,"PP","F",15
18892,7,13,1991,9,"DM","M",42
18893,7,13,1991,8,"DM","F",48
18894,7,13,1991,6,"PP","F",19
18895,7,13,1991,5,"PP","F",16
18896,7,13,1991,4,"PP","F",14
18897,7,13,1991,11,"DM","M",58
18898,7,13,1991,15,"SF","F",52
18899,7,13,1991,3,"PP","M",19
18900,7,13,1991,4,"DM","M",35
18901,7,13,1991,3,"PP","F",19
18902,7,13,1991,4,"OT","M",21
18903,7,13,1991,8,"DM","M",44
18904,7,13,1991,11,"DM","F",34
18905,7,13,1991,9,"DM","M",38
18906,7,13,1991,8,"DM","F",39
18907,7,13,1991,8,"DM","F",49
18908,7,13,1991,9,"DM","M",43
18909,8,7,1991,2,"OT","F",31
18910,8,7,1991,12,"AH",,
18911,8,7,1991,2,"OT","M",20
18912,8,7,1991,18,"PF","M",7
18913,8,7,1991,23,"RM","F",12
18914,8,7,1991,19,"PC",,
18915,8,7,1991,18,"OT","M",28
18916,8,7,1991,20,"PP",,
18917,8,7,1991,24,"PE","F",14
18918,8,7,1991,21,"PF","F",10
18919,8,7,1991,17,"PP","F",18
18920,8,7,1991,2,"PP","F",14
18921,8,7,1991,17,"PF","F",8
18922,8,7,1991,18,"PP","M",24
18923,8,7,1991,22,"DS","F",110
18924,8,7,1991,1,"DO","M",52
18925,8,7,1991,12,"OT","F",46
18926,8,7,1991,18,"PP","M",18
18927,8,7,1991,23,"SF","F",199
18928,8,7,1991,7,"RM","F",13
18929,8,7,1991,7,"AH",,
18930,8,7,1991,1,"DO","M",57
18931,8,7,1991,20,"NL","F",124
18932,8,7,1991,19,"AS",,
18933,8,7,1991,21,"AH",,
18934,8,7,1991,20,"PF","M",9
18935,8,7,1991,18,"BA","F",10
18936,8,7,1991,1,"DO","M",46
18937,8,7,1991,12,"DM","M",37
18938,8,7,1991,12,"DM","M",38
18939,8,7,1991,24,"PE","M",11
18940,8,7,1991,17,"DO","M",51
18941,8,7,1991,20,"PE","M",22
18942,8,7,1991,19,"SF","F",84
18943,8,7,1991,2,"DO","F",49
18944,8,7,1991,12,"OT","M",29
18945,8,7,1991,17,"DM","F",65
18946,8,7,1991,1,"DO","F",44
18947,8,7,1991,17,"PP","M",16
18948,8,7,1991,2,"NL","M",178
18949,8,7,1991,22,"DM","M",47
18950,8,7,1991,1,"PP","F",15
18951,8,7,1991,1,"DO","M",58
18952,8,7,1991,24,"PE","M",26
18953,8,8,1991,9,"DM","F",36
18954,8,8,1991,15,"PE","M",18
18955,8,8,1991,11,"DM",,
18956,8,8,1991,4,"DM","F",33
18957,8,8,1991,13,"PP","F",17
18958,8,8,1991,14,"DM","F",54
18959,8,8,1991,13,"CB",,
18960,8,8,1991,8,"PP","F",16
18961,8,8,1991,16,"RM","M",12
18962,8,8,1991,10,"PC",,
18963,8,8,1991,6,"PP","F",9
18964,8,8,1991,4,"AH",,
18965,8,8,1991,3,"PP","F",14
18966,8,8,1991,8,"DM","M",45
18967,8,8,1991,4,"DM","M",37
18968,8,8,1991,14,"OT","F",24
18969,8,8,1991,3,"PP",,
18970,8,8,1991,9,"DM","F",29
18971,8,8,1991,16,"RM","F",11
18972,8,8,1991,4,"DM","M",39
18973,8,8,1991,11,"DM","F",22
18974,8,8,1991,5,"PP","F",20
18975,8,8,1991,3,"NL",,
18976,8,8,1991,9,"DM","F",45
18977,8,8,1991,13,"OT","F",30
18978,8,8,1991,9,"DM","M",48
18979,8,8,1991,14,"DM","M",
18980,8,8,1991,4,"RM","F",9
18981,8,8,1991,5,"OT","M",25
18982,8,8,1991,11,"DM","M",36
18983,8,8,1991,8,"OT","M",26
18984,8,8,1991,6,"PP","F",15
18985,8,8,1991,8,"DM","F",26
18986,8,8,1991,6,"PP","F",16
18987,8,8,1991,4,"DM","M",38
18988,8,8,1991,4,"PC",,
18989,8,8,1991,8,"DM","M",43
18990,8,8,1991,11,"DM","F",42
18991,8,8,1991,4,"DM","M",45
18992,8,8,1991,13,"OT","M",24
18993,8,8,1991,9,"OT","F",26
18994,8,8,1991,13,"PP","F",16
18995,8,8,1991,5,"OT","M",22
18996,8,8,1991,14,"DM","M",49
18997,8,8,1991,4,"DM","M",40
18998,8,8,1991,5,"CB",,
18999,8,8,1991,9,"DM","M",40
19000,8,8,1991,8,"DM","F",53
19001,8,8,1991,3,"PP","F",10
19002,8,8,1991,5,"OT","F",45
19003,8,8,1991,6,"OT","F",21
19004,8,8,1991,8,"DM","F",40
19005,8,8,1991,15,"RM","F",5
19006,8,8,1991,13,"PF",,
19007,8,8,1991,8,"DM","F",41
19008,8,8,1991,9,"DM","M",39
19009,8,8,1991,3,"PP","F",18
19010,8,8,1991,15,"PP","M",18
19011,8,8,1991,11,"DM","M",53
19012,8,8,1991,5,"RM","F",10
19013,9,9,1991,2,"DO","F",48
19014,9,9,1991,18,"OT","F",21
19015,9,9,1991,19,"BA","F",11
19016,9,9,1991,1,"OT","F",29
19017,9,9,1991,2,"OT","M",22
19018,9,9,1991,1,"DO","M",53
19019,9,9,1991,2,"OT","F",24
19020,9,9,1991,7,"PE","M",23
19021,9,9,1991,1,"PP","F",22
19022,9,9,1991,12,"DM","M",42
19023,9,9,1991,7,"PE","M",12
19024,9,9,1991,2,"DO","F",52
19025,9,9,1991,12,"DM","M",41
19026,9,9,1991,7,"PE","F",11
19027,9,9,1991,1,"PP","F",16
19028,9,9,1991,18,"OT","M",27
19029,9,9,1991,1,"DO","M",48
19030,9,9,1991,1,"DO","M",57
19031,9,9,1991,22,"DS","F",108
19032,9,9,1991,2,"NL","M",180
19033,9,9,1991,22,"DM","F",36
19034,9,9,1991,1,"DO","M",54
19035,9,9,1991,19,"PF",,
19036,9,9,1991,18,"PF","F",6
19037,9,9,1991,1,"DO","F",46
19038,9,9,1991,2,"PP","F",15
19039,9,9,1991,18,"PF","M",7
19040,9,9,1991,2,"OT","F",18
19041,9,9,1991,2,"PE","M",16
19042,9,9,1991,12,"OT","M",29
19043,9,9,1991,23,,,
19044,9,10,1991,9,"DM","F",37
19045,9,10,1991,20,"RM","M",12
19046,9,10,1991,8,"DM","M",48
19047,9,10,1991,24,"OT","M",20
19048,9,10,1991,9,"DM","F",34
19049,9,10,1991,21,"SH","F",63
19050,9,10,1991,3,"PP","F",19
19051,9,10,1991,11,"PP","M",17
19052,9,10,1991,20,"PP","M",14
19053,9,10,1991,3,"PF","F",8
19054,9,10,1991,11,"OT","M",25
19055,9,10,1991,24,"AH",,
19056,9,10,1991,11,"DM","M",42
19057,9,10,1991,3,"PP","F",14
19058,9,10,1991,8,"DM","M",45
19059,9,10,1991,17,"OT","F",27
19060,9,10,1991,8,"DM","M",41
19061,9,10,1991,17,"DO","F",42
19062,9,10,1991,8,"DM","F",50
19063,9,10,1991,9,"DM","M",41
19064,9,10,1991,11,"DM","F",47
19065,9,10,1991,24,"OT","F",37
19066,9,10,1991,9,"DM","M",51
19067,9,10,1991,9,"DM","M",42
19068,9,10,1991,24,"DM","F",36
19069,9,10,1991,17,"DM","M",55
19070,9,10,1991,17,"DM","M",
19071,9,10,1991,3,"PE","M",23
19072,9,10,1991,8,"DM","F",44
19073,9,10,1991,11,"DM","M",
19074,9,10,1991,10,,,
19075,9,11,1991,14,"DM","F",44
19076,9,11,1991,13,"PP","F",28
19077,9,11,1991,4,"DM","F",55
19078,9,11,1991,15,"PE","M",19
19079,9,11,1991,4,"DM","M",43
19080,9,11,1991,13,"OT","F",26
19081,9,11,1991,6,"PP","F",16
19082,9,11,1991,4,"DM","F",43
19083,9,11,1991,6,"PP","F",17
19084,9,11,1991,14,"DM","M",44
19085,9,11,1991,5,"RM","M",14
19086,9,11,1991,15,"PE","F",19
19087,9,11,1991,6,"PF","F",9
19088,9,11,1991,13,"PP","M",26
19089,9,11,1991,14,"DM","M",51
19090,9,11,1991,4,"DM","M",48
19091,9,11,1991,4,"PF","F",7
19092,9,11,1991,4,"DM","M",45
19093,9,11,1991,13,"PP","F",15
19094,9,11,1991,13,"PF","F",8
19095,9,11,1991,16,,,
19096,10,10,1991,24,"AB",,
19097,10,10,1991,19,"OT","M",20
19098,10,10,1991,18,"PF","M",7
19099,10,10,1991,17,"DM","F",41
19100,10,10,1991,24,"PE","M",24
19101,10,10,1991,24,"RM","F",9
19102,10,10,1991,2,"PP","F",16
19103,10,10,1991,19,"PF","F",9
19104,10,10,1991,19,"PF","F",8
19105,10,10,1991,17,"DM","M",53
19106,10,10,1991,7,"PE","M",23
19107,10,10,1991,2,"DO","F",50
19108,10,10,1991,21,"PP","F",30
19109,10,10,1991,20,"BA","F",6
19110,10,10,1991,7,"PE","F",20
19111,10,10,1991,12,"DM","F",42
19112,10,10,1991,12,"DM","M",46
19113,10,10,1991,20,"PF","F",6
19114,10,10,1991,22,"DS","F",106
19115,10,10,1991,21,"PF","F",7
19116,10,10,1991,22,"DM","F",37
19117,10,10,1991,12,"DM","M",40
19118,10,10,1991,7,"RM","F",13
19119,10,10,1991,17,"PF","F",7
19120,10,10,1991,18,"RM","M",7
19121,10,10,1991,2,"BA","M",6
19122,10,10,1991,1,"DO","M",53
19123,10,10,1991,1,"DM","M",52
19124,10,10,1991,2,"OT","M",24
19125,10,10,1991,20,"SO","F",80
19126,10,10,1991,1,"PP","F",14
19127,10,10,1991,18,"OT","M",25
19128,10,10,1991,17,"DO","F",50
19129,10,10,1991,17,"DO","F",55
19130,10,10,1991,2,"DO","F",53
19131,10,10,1991,7,"PP","F",12
19132,10,10,1991,1,"DO","F",48
19133,10,10,1991,12,"DM","F",43
19134,10,10,1991,17,"PE","F",17
19135,10,10,1991,22,"PP","F",26
19136,10,10,1991,2,"OT","F",21
19137,10,10,1991,18,"PF","F",8
19138,10,10,1991,1,"DO","M",59
19139,10,10,1991,1,"SS",,
19140,10,10,1991,17,"OT","F",22
19141,10,10,1991,23,,,
19142,10,11,1991,9,"DM","F",38
19143,10,11,1991,8,"PE","F",18
19144,10,11,1991,3,"BA",,
19145,10,11,1991,4,"DM","F",40
19146,10,11,1991,8,"OT","M",22
19147,10,11,1991,3,"PP","F",28
19148,10,11,1991,3,"PP","F",14
19149,10,11,1991,6,"PP","F",15
19150,10,11,1991,4,"PF","F",7
19151,10,11,1991,6,"PP","M",14
19152,10,11,1991,8,"DO","M",55
19153,10,11,1991,14,"DM","F",43
19154,10,11,1991,14,"DM","F",43
19155,10,11,1991,11,"RM","M",11
19156,10,11,1991,13,"OT","M",22
19157,10,11,1991,9,"DM","F",44
19158,10,11,1991,14,"DM","M",50
19159,10,11,1991,3,"OT","M",24
19160,10,11,1991,8,"DM","M",43
19161,10,11,1991,8,"OT","F",22
19162,10,11,1991,4,"DM","M",47
19163,10,11,1991,9,"DM","F",37
19164,10,11,1991,13,"PF","F",7
19165,10,11,1991,13,"OT","F",23
19166,10,11,1991,16,"RM","M",12
19167,10,11,1991,13,"PP","F",25
19168,10,11,1991,13,"PP","F",29
19169,10,11,1991,4,"DM","F",54
19170,10,11,1991,8,"DM","M",45
19171,10,11,1991,3,"PF","F",8
19172,10,11,1991,8,"DM","M",46
19173,10,11,1991,11,"RM","M",7
19174,10,11,1991,9,"DM","M",51
19175,10,11,1991,4,"DM","M",48
19176,10,11,1991,4,"DM","M",46
19177,10,11,1991,3,"PP","F",16
19178,10,11,1991,3,"PP","F",14
19179,10,11,1991,6,"RM","M",8
19180,10,11,1991,11,"DM","F",43
19181,10,11,1991,9,"DM","M",40
19182,10,11,1991,3,"OT","F",24
19183,10,11,1991,4,"PP","M",15
19184,10,11,1991,9,"DM","M",41
19185,10,11,1991,14,"OT","M",20
19186,10,11,1991,6,"PF","F",8
19187,10,11,1991,9,"PE","M",20
19188,10,11,1991,8,"DM","M",44
19189,10,11,1991,8,"DM","F",43
19190,10,11,1991,14,"DM","M",44
19191,10,11,1991,13,"PF","F",15
19192,10,11,1991,4,"PF","F",8
19193,10,11,1991,11,"PE","F",25
19194,10,11,1991,8,"DM","F",43
19195,10,11,1991,5,,,
19196,10,11,1991,10,,,
19197,10,11,1991,15,,,
19198,11,13,1991,19,"RM","F",11
19199,11,13,1991,23,"RM","M",12
19200,11,13,1991,7,"RM","M",11
19201,11,13,1991,19,"RM","M",12
19202,11,13,1991,23,"RM","F",19
19203,11,13,1991,7,"PE","F",18
19204,11,13,1991,18,"OT","F",21
19205,11,13,1991,2,"DO","F",48
19206,11,13,1991,19,"PF","F",14
19207,11,13,1991,18,"PF",,
19208,11,13,1991,22,"OT","F",26
19209,11,13,1991,18,"PF","M",8
19210,11,13,1991,23,"RM","F",14
19211,11,13,1991,12,"RM","F",9
19212,11,13,1991,2,"DO","M",51
19213,11,13,1991,12,"AB",,
19214,11,13,1991,1,"DM","M",51
19215,11,13,1991,2,"OL","F",25
19216,11,13,1991,1,"DM","M",52
19217,11,13,1991,2,"SO","F",42
19218,11,13,1991,18,"AB",,
19219,11,13,1991,7,"RM","M",9
19220,11,13,1991,19,"BA","F",10
19221,11,13,1991,1,"DO","M",56
19222,11,13,1991,22,"OT","M",26
19223,11,13,1991,2,"OT","F",24
19224,11,13,1991,12,"RM","F",9
19225,11,13,1991,18,"RM","M",12
19226,11,13,1991,7,"RM","F",10
19227,11,13,1991,12,"DM","M",45
19228,11,13,1991,12,"DM","F",43
19229,11,13,1991,19,"OT","M",24
19230,11,13,1991,12,"DM","M",44
19231,11,13,1991,18,"PF","F",12
19232,11,13,1991,22,"DS","F",110
19233,11,13,1991,1,"OT","F",24
19234,11,13,1991,18,"RM","F",14
19235,11,13,1991,7,"RM","F",10
19236,11,13,1991,12,"OT","M",
19237,11,13,1991,12,"RM","M",8
19238,11,13,1991,2,"OT","M",25
19239,11,13,1991,2,"DX",,
19240,11,13,1991,19,"RM","F",9
19241,11,13,1991,22,"RM","M",7
19242,11,13,1991,12,"DM","F",41
19243,11,13,1991,7,"RM","F",12
19244,11,13,1991,22,"DM","F",36
19245,11,13,1991,2,"NL","F",165
19246,11,13,1991,19,"PF","F",7
19247,11,13,1991,19,"OT","M",22
19248,11,13,1991,18,"RM","F",12
19249,11,13,1991,19,"BA","M",8
19250,11,13,1991,7,"PE","M",23
19251,11,13,1991,2,"OT","M",25
19252,11,13,1991,19,"SF","M",60
19253,11,13,1991,7,"PE","F",21
19254,11,13,1991,1,"DO","F",50
19255,11,14,1991,9,"DM","F",38
19256,11,14,1991,3,"BA","F",9
19257,11,14,1991,9,"DM","F",37
19258,11,14,1991,11,"RM","M",9
19259,11,14,1991,17,"DM","M",51
19260,11,14,1991,21,"BA","M",7
19261,11,14,1991,21,"RM","F",10
19262,11,14,1991,3,"PE","M",24
19263,11,14,1991,3,"NL","F",
19264,11,14,1991,9,"DM","M",42
19265,11,14,1991,17,"DM","F",38
19266,11,14,1991,21,"PF","F",7
19267,11,14,1991,9,"OT","M",24
19268,11,14,1991,11,"OT","M",24
19269,11,14,1991,20,"RM","M",12
19270,11,14,1991,3,"SO","F",78
19271,11,14,1991,20,"RM","F",12
19272,11,14,1991,21,"RM","M",11
19273,11,14,1991,24,"RM","M",13
19274,11,14,1991,3,"BA","F",8
19275,11,14,1991,24,"PE","F",24
19276,11,14,1991,3,"PP","F",27
19277,11,14,1991,11,"RM","M",9
19278,11,14,1991,3,"OT","M",35
19279,11,14,1991,8,"DM","M",45
19280,11,14,1991,20,"SO","M",38
19281,11,14,1991,3,"PF","F",7
19282,11,14,1991,20,"RM","F",10
19283,11,14,1991,3,"SO","F",27
19284,11,14,1991,3,"SO","F",26
19285,11,14,1991,11,"AH",,
19286,11,14,1991,17,"DO","F",50
19287,11,14,1991,20,"PE","M",25
19288,11,14,1991,24,"RM","F",16
19289,11,14,1991,21,"AH",,
19290,11,14,1991,24,"RM","F",10
19291,11,14,1991,3,"RM","M",8
19292,11,14,1991,9,"OL","M",22
19293,11,14,1991,11,"PE","F",23
19294,11,14,1991,17,"DO","F",49
19295,11,14,1991,24,"RM","F",10
19296,11,14,1991,8,"DM","M",42
19297,11,14,1991,8,"RM","F",11
19298,11,14,1991,3,"RM","F",9
19299,11,14,1991,9,"RM","F",7
19300,11,14,1991,20,"RM","M",9
19301,11,14,1991,20,"SO","F",82
19302,11,14,1991,20,"PC",,
19303,11,14,1991,8,"DM","M",43
19304,11,14,1991,20,"PF",,6
19305,11,14,1991,24,"RM","M",10
19306,11,14,1991,9,"DM","M",41
19307,11,14,1991,11,"RM","F",10
19308,11,14,1991,8,"DO","F",50
19309,11,14,1991,3,"SO","M",49
19310,11,14,1991,9,"DM","M",41
19311,11,14,1991,21,"PP","F",30
19312,11,14,1991,8,"DM","F",43
19313,11,14,1991,9,"DM","F",42
19314,11,14,1991,20,"RM","M",7
19315,11,14,1991,11,"DM","F",42
19316,11,14,1991,21,"RM","F",7
19317,11,14,1991,17,"RM","F",10
19318,11,15,1991,4,"DM","F",39
19319,11,15,1991,13,"RM","M",11
19320,11,15,1991,14,"DM","M",39
19321,11,15,1991,5,"RM","M",9
19322,11,15,1991,4,"DM","M",42
19323,11,15,1991,15,"PE","M",23
19324,11,15,1991,14,"DM","F",39
19325,11,15,1991,10,"PE","M",24
19326,11,15,1991,6,"DM","M",41
19327,11,15,1991,6,"PP","M",15
19328,11,15,1991,13,"PF","M",7
19329,11,15,1991,15,"RM","M",8
19330,11,15,1991,4,"DM","M",50
19331,11,15,1991,13,"PE","M",24
19332,11,15,1991,5,"OT","M",26
19333,11,15,1991,4,"DM","F",50
19334,11,15,1991,4,"DM","F",45
19335,11,15,1991,5,"RM","M",11
19336,11,15,1991,4,"PF","F",7
19337,11,15,1991,6,"PF","F",7
19338,11,15,1991,14,"DM","F",34
19339,11,15,1991,4,"OT","F",24
19340,11,15,1991,6,"PF","F",7
19341,11,15,1991,15,"OT","M",24
19342,11,15,1991,13,"RM","M",9
19343,11,15,1991,5,"RM","F",12
19344,11,15,1991,15,"RM","F",14
19345,11,15,1991,14,"DM","M",47
19346,11,15,1991,4,"DM","F",37
19347,11,15,1991,13,"PF","F",7
19348,11,15,1991,5,"RM",,
19349,11,15,1991,10,"RM","F",9
19350,11,15,1991,15,"PC",,
19351,11,15,1991,14,"RM","M",9
19352,11,15,1991,6,"RM","F",12
19353,11,15,1991,4,"DM","M",47
19354,11,15,1991,6,"RM","F",9
19355,11,15,1991,6,"RM","M",9
19356,11,15,1991,16,"RM","M",8
19357,11,15,1991,4,"PF","M",8
19358,11,15,1991,6,"RM","M",12
19359,11,15,1991,4,"OT","M",25
19360,11,15,1991,13,"AB",,
19361,11,15,1991,16,"RM","M",9
19362,11,15,1991,6,"RM","M",8
19363,11,15,1991,4,"DM","M",54
19364,11,15,1991,14,"DM","M",42
19365,11,15,1991,13,"AB",,
19366,11,15,1991,10,"RM","F",8
19367,11,15,1991,13,"PP","M",29
19368,11,15,1991,13,"PF","F",7
19369,11,15,1991,4,"OT","M",26
19370,12,7,1991,23,"RM","M",11
19371,12,7,1991,12,"DM","M",47
19372,12,7,1991,19,"RM","M",12
19373,12,7,1991,7,"PE","M",21
19374,12,7,1991,17,"DM","F",38
19375,12,7,1991,7,"RM","F",9
19376,12,7,1991,18,"OT","F",21
19377,12,7,1991,19,"OT","F",26
19378,12,7,1991,2,"DM","M",48
19379,12,7,1991,18,"PF","M",7
19380,12,7,1991,19,"BA","F",9
19381,12,7,1991,24,"RM","F",11
19382,12,7,1991,18,"RM","M",9
19383,12,7,1991,7,"RM","F",10
19384,12,7,1991,19,"RM","M",13
19385,12,7,1991,7,"RM","M",11
19386,12,7,1991,19,"AH",,
19387,12,7,1991,7,"RM","M",10
19388,12,7,1991,12,"RM","M",9
19389,12,7,1991,7,"RM","M",9
19390,12,7,1991,1,"DM","M",54
19391,12,7,1991,2,"DO","F",49
19392,12,7,1991,17,"DM","M",50
19393,12,7,1991,24,"RM","M",11
19394,12,7,1991,2,"PE","F",20
19395,12,7,1991,12,"RM","F",9
19396,12,7,1991,21,"RM","F",10
19397,12,7,1991,20,"RM","M",8
19398,12,7,1991,23,"RM","M",9
19399,12,7,1991,20,"AB",,
19400,12,7,1991,24,"PE","M",27
19401,12,7,1991,20,"RM","F",11
19402,12,7,1991,1,"DO","M",53
19403,12,7,1991,24,"RM","M",10
19404,12,7,1991,19,"PE","M",23
19405,12,7,1991,1,"RM","M",9
19406,12,7,1991,12,"RM","F",9
19407,12,7,1991,17,"DO","F",51
19408,12,7,1991,18,"RM","F",13
19409,12,7,1991,19,"BA","M",9
19410,12,7,1991,20,"AB",,
19411,12,7,1991,2,"OL","F",24
19412,12,7,1991,1,"DO","F",51
19413,12,7,1991,7,"AB",,
19414,12,7,1991,19,"OT","M",25
19415,12,7,1991,24,"RM","F",9
19416,12,7,1991,1,"DM","M",42
19417,12,7,1991,7,"RM",,
19418,12,7,1991,20,"SO","F",80
19419,12,7,1991,24,"RM","M",12
19420,12,7,1991,1,"OL","M",26
19421,12,7,1991,17,"DO","F",30
19422,12,7,1991,19,"PF","F",7
19423,12,7,1991,17,"DO","F",29
19424,12,7,1991,20,"AH",,
19425,12,7,1991,17,"DO","F",48
19426,12,7,1991,2,"PE","M",23
19427,12,7,1991,2,"DM","F",41
19428,12,7,1991,24,"PE","F",24
19429,12,7,1991,2,"PE","F",20
19430,12,7,1991,20,"AB",,
19431,12,7,1991,2,"DO","M",52
19432,12,7,1991,12,"DM","M",41
19433,12,7,1991,24,"RM","F",9
19434,12,7,1991,23,"RM","F",12
19435,12,7,1991,7,"RM","F",12
19436,12,7,1991,2,"OT","M",23
19437,12,7,1991,17,"OT","F",24
19438,12,7,1991,7,"PE","F",22
19439,12,7,1991,2,"OT","M",24
19440,12,7,1991,17,"OT","M",27
19441,12,7,1991,18,"PE","F",22
19442,12,7,1991,7,"PE",,
19443,12,7,1991,1,"DM","M",51
19444,12,7,1991,18,"RM","M",14
19445,12,7,1991,24,"RM","F",9
19446,12,7,1991,2,"DO","F",54
19447,12,7,1991,22,"DM","F",41
19448,12,7,1991,24,"RM","M",9
19449,12,7,1991,21,"RM","F",10
19450,12,7,1991,2,"RM","M",10
19451,12,7,1991,12,"DM","F",44
19452,12,7,1991,21,"PP","F",30
19453,12,7,1991,1,"DO","M",58
19454,12,7,1991,17,"RM","F",9
19455,12,7,1991,20,"RM","F",8
19456,12,7,1991,23,"RM","M",10
19457,12,7,1991,1,"DO","F",47
19458,12,7,1991,7,"RM","M",8
19459,12,8,1991,4,"DM","F",40
19460,12,8,1991,9,"DM","F",37
19461,12,8,1991,3,"SO","F",47
19462,12,8,1991,13,"AB",,
19463,12,8,1991,9,"OL","F",26
19464,12,8,1991,13,"PF","F",7
19465,12,8,1991,16,"RM","M",11
19466,12,8,1991,3,"OL","M",24
19467,12,8,1991,4,"DM","M",43
19468,12,8,1991,14,"DM","F",40
19469,12,8,1991,3,"OL","F",24
19470,12,8,1991,9,"OT","M",22
19471,12,8,1991,6,"DM","M",44
19472,12,8,1991,3,"SO","F",44
19473,12,8,1991,13,"RM","F",7
19474,12,8,1991,5,"BA","F",8
19475,12,8,1991,3,"PE","F",22
19476,12,8,1991,4,"PF","F",7
19477,12,8,1991,9,"RM","M",7
19478,12,8,1991,8,"DM","M",42
19479,12,8,1991,10,"RM","F",7
19480,12,8,1991,3,"RM","M",9
19481,12,8,1991,4,"OT","F",22
19482,12,8,1991,13,"RM","M",10
19483,12,8,1991,3,"OT","M",36
19484,12,8,1991,6,"PP","M",15
19485,12,8,1991,9,"DM","F",36
19486,12,8,1991,3,"OT","M",23
19487,12,8,1991,4,"DM","M",49
19488,12,8,1991,11,"DM","F",37
19489,12,8,1991,15,"AH",,
19490,12,8,1991,5,"DO","M",30
19491,12,8,1991,3,"RM","M",9
19492,12,8,1991,13,"PP",,
19493,12,8,1991,3,"RM","M",11
19494,12,8,1991,6,"PF","F",7
19495,12,8,1991,3,"RM","M",9
19496,12,8,1991,13,"RM","M",9
19497,12,8,1991,3,"PF","F",7
19498,12,8,1991,4,"DM","F",42
19499,12,8,1991,3,"BA","M",8
19500,12,8,1991,3,"NL","F",166
19501,12,8,1991,14,"DM","M",40
19502,12,8,1991,11,"RM","F",10
19503,12,8,1991,8,"DM","M",42
19504,12,8,1991,14,"DM","F",37
19505,12,8,1991,6,"RM","F",10
19506,12,8,1991,9,"DM","M",48
19507,12,8,1991,4,"DM","M",50
19508,12,8,1991,8,"DM","F",40
19509,12,8,1991,8,"OT","M",23
19510,12,8,1991,4,"DM","M",49
19511,12,8,1991,8,"DO","F",47
19512,12,8,1991,15,"RM","F",11
19513,12,8,1991,13,"OL","M",34
19514,12,8,1991,3,"BA","M",8
19515,12,8,1991,6,"RM","F",11
19516,12,8,1991,9,"DM","F",43
19517,12,8,1991,13,"PF","F",8
19518,12,8,1991,6,"RM",,
19519,12,8,1991,5,"RM","F",10
19520,12,8,1991,9,"DM","M",40
19521,12,8,1991,6,"RM","M",9
19522,12,8,1991,11,"DM","F",45
19523,12,8,1991,8,"DM","M",44
19524,12,8,1991,5,"RM","M",10
19525,12,8,1991,9,"DM","M",38
19526,12,8,1991,15,"RM","M",8
19527,12,8,1991,5,"RM","F",11
19528,12,8,1991,13,"DM","F",39
19529,12,8,1991,14,"DM","M",48
19530,12,8,1991,4,"OT","M",21
19531,12,8,1991,11,"DM","M",53
19532,12,8,1991,13,"OL","M",23
19533,12,8,1991,5,"OL","M",24
19534,12,8,1991,4,"DO","F",48
19535,12,8,1991,6,"RM","M",11
19536,12,8,1991,5,"RM","F",11
